CASE_ID,ACCIDENT_YEAR,PROC_DATE,JURIS,COLLISION_DATE,COLLISION_TIME,OFFICER_ID,REPORTING_DISTRICT,DAY_OF_WEEK,CHP_SHIFT,POPULATION,CNTY_CITY_LOC,SPECIAL_COND,BEAT_TYPE,CHP_BEAT_TYPE,CITY_DIVISION_LAPD,CHP_BEAT_CLASS,BEAT_NUMBER,PRIMARY_RD,SECONDARY_RD,DISTANCE,DIRECTION,INTERSECTION,WEATHER_1,WEATHER_2,STATE_HWY_IND,CALTRANS_COUNTY,CALTRANS_DISTRICT,STATE_ROUTE,ROUTE_SUFFIX,POSTMILE_PREFIX,POSTMILE,LOCATION_TYPE,RAMP_INTERSECTION,SIDE_OF_HWY,TOW_AWAY,COLLISION_SEVERITY,NUMBER_KILLED,NUMBER_INJURED,PARTY_COUNT,PRIMARY_COLL_FACTOR,PCF_CODE_OF_VIOL,PCF_VIOL_CATEGORY,PCF_VIOLATION,PCF_VIOL_SUBSECTION,HIT_AND_RUN,TYPE_OF_COLLISION,MVIW,PED_ACTION,ROAD_SURFACE,ROAD_COND_1,ROAD_COND_2,LIGHTING,CONTROL_DEVICE,CHP_ROAD_TYPE,PEDESTRIAN_ACCIDENT,BICYCLE_ACCIDENT,MOTORCYCLE_ACCIDENT,TRUCK_ACCIDENT,NOT_PRIVATE_PROPERTY,ALCOHOL_INVOLVED,STWD_VEHTYPE_AT_FAULT,CHP_VEHTYPE_AT_FAULT,COUNT_SEVERE_INJ,COUNT_VISIBLE_INJ,COUNT_COMPLAINT_PAIN,COUNT_PED_KILLED,COUNT_PED_INJURED,COUNT_BICYCLIST_KILLED,COUNT_BICYCLIST_INJURED,COUNT_MC_KILLED,COUNT_MC_INJURED,PRIMARY_RAMP,SECONDARY_RAMP,LATITUDE,LONGITUDE,COUNTY,CITY,POINT_X,POINT_Y
8826098,2018,2019-05-23,1972,2018-12-05,1940,20987,,3,5,6,1972,0,0,0,,0,,"CENTER WY","HAWTHORN BL",10.00,W,N,B,-,Y,LA,7,107,-,-,1.616,I,6,S,N,4,0,1,2,A,-,10,21950,A,N,G,B,B,B,H,-,C,A,0,Y,,,,Y,,A,,0,0,1,0,1,0,0,0,0,"- ","- ",,,"LOS ANGELES",TORRANCE,-118.35220336914062,33.828498840332031
8826103,2018,2019-05-23,1972,2018-11-22,1825,21238,,4,5,6,1972,0,0,0,,0,,"HAWTHORNE BL","SEPULVEDA BL",20.00,N,N,A,-,Y,LA,7,107,-,-,1.420,H,-,N,N,4,0,1,2,A,-,10,21950,A,N,G,B,B,A,H,-,C,A,0,Y,,,,Y,,A,,0,0,1,0,1,0,0,0,0,"- ","- ",,,"LOS ANGELES",TORRANCE,-118.35137176513672,33.825717926025391
8826705,2018,2019-04-05,1900,2018-12-17,1830,618166,1365,1,5,5,1952,0,0,0,,0,136B,"LAKEWOOD BL","CENTURY BL",70.00,S,N,A,-,Y,,,,,,,,,,N,4,0,1,2,A,-,00,22801,A,N,D,G,A,A,H,-,C,-,0,,Y,,,Y,,A,01,0,0,1,0,0,0,1,0,0,"- ","- ",,,"LOS ANGELES",PARAMOUNT,-118.14293670654297,33.902198791503906
8939096,2018,2019-10-25,1972,2018-12-28,0631,15554,,5,5,6,1972,0,0,0,,0,,"HAWTHORNE BL","180TH ST",49.00,N,N,A,-,Y,LA,7,107,-,-,4.330,H,-,N,Y,1,1,0,2,A,-,11,21954,A,N,E,B,D,A,H,-,B,D,0,Y,,,,Y,,N,,0,0,0,1,0,0,0,0,0,"- ","- ",,,"LOS ANGELES",TORRANCE,-118.35247802734375,33.867561340332031
8939357,2018,2019-11-07,1972,2018-09-17,2500,20090,,1,5,6,1972,0,0,0,,0,,"HAWTHORN BL","227TH ST",0.00,,N,A,-,Y,LA,7,107,-,-,1.170,H,-,N,N,1,1,0,2,A,-,03,22350,,F,-,G,A,A,H,-,C,D,0,,Y,,,Y,,A,,0,0,0,0,0,1,0,0,0,"- ","- ",,,"LOS ANGELES",TORRANCE,-118.35096740722656,33.822101593017578
8964554,2018,2019-11-12,1918,2018-12-21,1745,798,,5,5,4,1918,0,0,0,,0,4T24,"VENICE BL","SPAD PL",8.00,E,N,A,-,Y,LA,7,187,-,-,6.400,H,-,E,N,3,0,1,2,A,-,03,22350,,N,H,G,A,A,H,-,C,A,0,,Y,,,Y,,L,04,0,1,0,0,0,0,1,0,0,"- ","- ",34.016830444335938,-118.41007995605469,"LOS ANGELES","CULVER CITY",-118.41013336181641,34.0167236328125
90641336,2018,2018-01-17,9540,2018-01-09,0608,021214,,2,1,7,1942,0,1,1,,2,213,"I-210 E/B (FOOTHILL FREEWAY)","POLK ST",10.00,E,N,B,C,Y,,,210,,,,,,E,N,2,0,1,2,A,-,10,21950,A,N,E,B,B,B,H,-,C,A,0,Y,,,,Y,,A,01,1,0,0,0,1,0,0,0,0,"- ","- ",34.316089630126953,-118.44019317626953,"LOS ANGELES","LOS ANGELES",-118.43997192382812,34.316368103027344
90642162,2018,2018-01-17,9565,2018-01-04,2320,021915,,4,3,7,1942,0,1,1,,2,062,"I-405 S/B (SAN DIEGO FWY)","PICO BLVD",271.00,N,N,A,-,Y,,,405,,,,,,S,Y,2,0,1,2,A,-,08,22107,,N,G,B,E,A,H,-,D,D,0,Y,,,,Y,,A,01,1,0,0,0,1,0,0,0,0,"- ","- ",34.03594970703125,-118.43846130371094,"LOS ANGELES","LOS ANGELES",-118.43834686279297,34.036003112792969
90642264,2018,2018-01-18,9535,2018-01-08,1745,020818,,1,2,5,1948,0,1,3,,2,600,"SR-60 E/B FROM ATLANTIC BLVD. S/B","ATLANTIC BLVD.",19.00,W,N,C,-,Y,,,60,,,,R,,E,N,3,0,1,2,A,-,10,21950,A,N,G,B,C,B,H,-,D,D,0,Y,,,,Y,,D,22,0,1,0,0,1,0,0,0,0,"- ","- ",34.034568786621094,-118.15131378173828,"LOS ANGELES","MONTEREY PARK",-118.15131378173828,34.034568786621094
90643259,2018,2018-01-19,9530,2018-01-11,1550,020236,,4,2,9,1900,0,3,5,,2,001,"66TH ST. (1450 BLOCK)","COMPTON AVE.",3.00,E,N,A,-,Y,,,,,,,,,,N,4,0,1,2,A,-,09,21804,,N,D,G,A,A,H,-,A,A,0,,Y,,,Y,,L,04,0,0,1,0,0,0,1,0,0,"- ","- ",33.979999542236328,-118.24680328369141,"LOS ANGELES",UNINCORPORATED,-118.24770355224609,33.980018615722656
90644586,2018,2018-01-22,9525,2018-01-09,0404,021393,,2,3,5,1990,0,1,3,,2,574,"SR-57 N/B (ORANGE FWY)","DIAMOND BAR BLVD.",1056.00,N,N,B,C,Y,,,57,,,,,,N,N,2,0,1,2,A,-,11,21954,A,N,G,B,E,B,H,-,D,D,0,Y,,,,Y,,N,60,1,0,0,0,1,0,0,0,0,"- ","- ",33.973739624023438,-117.84458923339844,"LOS ANGELES","DIAMOND BAR",-117.84454345703125,33.973705291748047
90646271,2018,2018-01-24,9550,2018-01-17,0010,015329,,3,3,3,1903,0,1,3,,2,092,"STATE ROUTE 91 W/B FROM NORWALK BLVD.","NORWALK BOULEVARD",15.00,W,N,A,-,Y,,,91,,,,R,,W,N,2,0,1,1,A,-,03,22350,,N,E,I,A,A,H,-,C,D,0,,Y,,,Y,,L,04,1,0,0,0,0,0,1,0,0,"- ","- ",33.877128601074219,-118.07285308837891,"LOS ANGELES",ARTESIA,-118.07285308837891,33.877128601074219
90646360,2018,2018-01-24,9535,2018-01-12,2218,021148,,5,3,5,1901,0,1,1,,2,420,"I-10 E/B FROM ATLANTIC BLVD N/B","ATLANTIC BLVD",22.00,E,N,A,-,Y,,,10,,,,R,,E,N,2,0,1,2,A,-,09,21804,A,N,H,G,A,A,H,-,C,A,0,,Y,,,Y,,L,04,1,0,0,0,0,0,1,0,0,"- ","- ",34.069969177246094,-118.13426208496094,"LOS ANGELES",ALHAMBRA,-118.13426208496094,34.069969177246094
90647005,2018,2018-01-25,9535,2018-01-15,1400,017944,,1,2,1,1973,0,1,1,,2,073,"I-710 SB TO BANDINI BLVD.",I-710,466.00,W,N,A,-,Y,,,710,,,,R,,S,N,2,0,1,2,A,-,10,21950,A,N,G,B,C,A,H,-,A,A,0,Y,,,,Y,,D,22,1,0,0,0,1,0,0,0,0,"- ","- ",33.999080657958984,-118.17787933349609,"LOS ANGELES",VERNON,-118.17787933349609,33.999080657958984
90647699,2018,2018-01-25,9590,2018-01-22,0755,016689,,1,1,7,1942,0,1,2,,2,072,"US-101 N/B","SUNSET BOULEVARD",250.00,N,N,B,-,Y,,,101,,,,,,N,N,4,0,1,2,A,-,11,21954,A,N,B,B,E,A,H,-,A,D,0,Y,,,,Y,,N,60,0,0,1,0,1,0,0,0,0,"- ","- ",34.098781585693359,-118.31478881835938,"LOS ANGELES","LOS ANGELES",-118.31479644775391,34.098773956298828
90649774,2018,2018-01-29,9575,2018-01-21,1158,021784,,7,1,9,1900,0,1,3,,2,300,"SR-2 (ANGELES CREST HIGHWAY)","3000 FT. ELEVATION",10560.00,E,N,A,-,Y,,,2,,,,,,,N,3,0,1,1,A,-,08,22107,,N,F,A,A,A,H,-,A,D,0,,Y,,,Y,,L,04,0,1,0,0,0,0,1,0,0,"- ","- ",34.269718170166016,-118.16758728027344,"LOS ANGELES",UNINCORPORATED,-118.16758728027344,34.26971435546875
90650824,2018,2018-01-30,9575,2018-01-20,1958,021340,,6,2,9,1900,0,2,4,,2,020,"ALTADENA DR. (E 1000 BLOCK)","MAIDEN LN",8.00,W,N,A,-,Y,,,,,,,,,,N,2,0,1,2,A,-,10,21950,A,N,G,B,B,A,H,-,C,D,0,Y,,,,Y,,A,07,1,0,0,0,1,0,0,0,0,"- ","- ",34.190380096435547,-118.12875366210938,"LOS ANGELES",UNINCORPORATED,-118.12862396240234,34.190330505371094
90653722,2018,2018-02-02,9525,2018-01-31,0230,019854,,3,3,6,1955,0,1,1,,2,110,"I-10 E/B (SAN BERNARDINO FWY)","TOWNE AVE",1320.00,E,N,A,-,Y,,,10,,,,,,E,N,4,0,1,2,A,-,11,21954,A,N,G,B,E,A,H,-,D,D,0,Y,,,,Y,,N,60,0,0,1,0,1,0,0,0,0,"- ","- ",34.079730987548828,-117.73764038085938,"LOS ANGELES",POMONA,-117.73765563964844,34.07977294921875
90655472,2018,2018-02-05,9535,2018-01-24,0545,021773,,3,3,6,1922,0,1,1,,2,400,"I-10 E/B FROM DURFEE AVE.","DURFEE AVE",0.00,,N,A,-,Y,,,10,,,,R,,E,N,3,0,1,2,A,-,10,21950,A,F,G,B,B,A,H,-,C,A,0,Y,,,,Y,,A,01,0,1,0,0,1,0,0,0,0,"- ","- ",34.0635986328125,-118.01133728027344,"LOS ANGELES","EL MONTE",-118.01133728027344,34.0635986328125
90658126,2018,2018-02-09,9545,2018-02-06,1300,015351,,2,1,9,1900,0,1,3,,2,021,"SR-14 N/B","BARREL SPRINGS RD",400.00,N,N,A,-,Y,,,14,,,,,,N,Y,3,0,4,5,A,-,11,21956,,N,C,C,E,A,H,-,A,D,0,Y,,,,Y,,N,60,0,1,3,0,1,0,0,0,0,"- ","- ",34.547451019287109,-118.13054656982422,"LOS ANGELES",UNINCORPORATED,-118.13043975830078,34.547519683837891
90660519,2018,2018-02-13,9565,2018-02-02,0159,020752,,5,3,7,1942,0,1,1,,2,083,"I-10 EB (SANTA MONICA FREEWAY)","BAGLEY AVE.",280.00,E,N,A,-,Y,,,10,,,,,,E,N,3,0,1,2,A,-,17,21200,,N,H,G,A,A,H,-,D,D,0,,Y,,,Y,Y,L,04,0,1,0,0,0,0,1,0,0,"- ","- ",34.029041290283203,-118.39597320556641,"LOS ANGELES","LOS ANGELES",-118.39597320556641,34.029041290283203
90661594,2018,2018-02-14,9580,2018-02-03,2222,019876,,6,3,9,1900,0,1,3,,1,270,"SR-27 S/B (TOPANGA CYN. BLVD.)","ENTRADO DR",1056.00,S,N,A,-,Y,,,27,,,,,,S,Y,2,0,1,2,A,-,03,22350,,F,G,B,E,A,H,-,D,D,0,Y,,,,Y,,A,01,1,0,0,0,1,0,0,0,0,"- ","- ",34.121898651123047,-118.59081268310547,"LOS ANGELES",UNINCORPORATED,-118.59079742431641,34.121894836425781
90666514,2018,2018-02-22,9580,2018-02-10,1255,020462,,6,1,9,1900,0,3,5,,1,030,"MULHOLLAND HWY","LOWER BREWSTER RD",1500.00,E,N,A,-,Y,,,,,,,,,,N,3,0,1,1,A,-,08,22107,,N,F,A,A,A,H,-,A,D,0,,Y,,,Y,,L,04,0,1,0,0,0,0,1,0,0,"- ","- ",34.099651336669922,-118.80404663085938,"LOS ANGELES",UNINCORPORATED,-118.80394744873047,34.100902557373047
90666716,2018,2018-02-22,9575,2018-02-12,0955,021932,,1,1,6,1925,0,1,3,,2,042,"SR-134 E/B TO CENTRAL AVE","CENTRAL AVE",3.00,W,N,A,-,Y,,,134,,,,R,,E,N,4,0,1,2,A,-,12,21453,A,N,D,G,A,A,H,-,A,A,0,,Y,,,Y,,-,"- ",0,0,1,0,0,0,1,0,0,"- ","- ",34.156009674072266,-118.25814819335938,"LOS ANGELES",GLENDALE,-118.25814819335938,34.156009674072266
90669081,2018,2018-02-26,9540,2018-02-03,0535,021869,,6,3,9,1900,0,1,1,,2,506,"INTERSTATE 5(N/B) TO LYONS AVE.","LYONS AVE",1091.00,S,N,A,-,Y,,,5,,,,R,,,N,2,0,1,2,A,-,17,21461,,N,G,B,E,A,D,-,C,A,0,Y,,,,Y,,N,60,1,0,0,0,1,0,0,0,0,"- ","- ",34.3756103515625,-118.56324768066406,"LOS ANGELES",UNINCORPORATED,-118.56324768066406,34.3756103515625
90670535,2018,2018-02-27,9565,2018-01-01,0350,021706,,1,3,9,1900,0,1,1,,2,010,"I-105 WESTBOUND TO I-405 NORTHBOUND","I-405 NORTHBOUND",620.00,E,N,B,E,Y,,,105,,,,R,,W,N,1,1,0,2,A,-,00,21960,A,F,G,B,E,A,H,-,D,D,0,Y,,,,Y,,N,60,0,0,0,1,0,0,0,0,0,"- ","- ",33.931789398193359,-118.36609649658203,"LOS ANGELES",UNINCORPORATED,-118.36609649658203,33.931789398193359
90671197,2018,2018-06-07,9525,2018-01-29,2011,021713,,1,2,5,1906,0,1,1,,2,104,"I-10 E/B (SAN BERNARDINO FWY)","BESS AVENUE/FRAZIER STREET OVERCROSSING",182.00,E,N,A,-,Y,,,10,,,,,,E,N,1,1,0,2,A,-,11,21954,A,N,G,B,E,A,H,-,C,D,0,Y,,,,Y,,N,60,0,0,0,1,0,0,0,0,0,"- ","- ",34.065879821777344,-117.9927978515625,"LOS ANGELES","BALDWIN PARK",-117.99281311035156,34.065967559814453
90672119,2018,2018-02-28,9535,2018-02-19,1505,019135,,1,2,9,1900,0,2,4,,2,018,"3RD STREET W/B (3900 BLOCK)","DOWNEY RD",109.00,W,N,B,-,Y,,,,,,,,,,Y,2,0,1,2,A,-,03,22350,,N,G,B,F,A,H,-,A,D,0,Y,,,,Y,,D,22,1,0,0,0,1,0,0,0,0,"- ","- ",34.033420562744141,-118.18015289306641,"LOS ANGELES",UNINCORPORATED,-118.13210296630859,33.941959381103516
90674250,2018,2018-03-05,9530,2018-02-22,0930,021059,,4,1,9,1900,0,1,3,,2,310,"SR-91 E/B FROM ALAMEDA ST","SANTA FE AVE.",40.00,E,N,A,-,Y,,,91,,,,R,,E,N,3,0,1,3,A,-,03,22350,,N,B,C,E,A,H,-,A,D,0,Y,,,,Y,,A,08,0,1,0,0,1,0,0,0,0,"- ","- ",33.873249053955078,-118.21437072753906,"LOS ANGELES",UNINCORPORATED,-118.21437072753906,33.873249053955078
90674636,2018,2019-07-01,9575,2018-01-01,0055,021213,,1,3,6,1953,0,1,1,,2,064,"I-210 W/B (FOOTHILL FREEWAY)","LOS ROBLES AVE.",287.00,W,N,A,-,Y,,,210,,,,,,W,Y,1,1,0,5,A,-,11,21954,A,F,G,B,E,A,H,-,C,D,0,Y,,,,Y,,N,60,0,0,0,1,0,0,0,0,0,"- ","- ",34.152011871337891,-118.14260864257812,"LOS ANGELES",PASADENA,-118.14260864257812,34.152034759521484
90674994,2018,2018-03-05,9565,2018-03-02,2025,021632,,5,2,6,1933,0,1,1,,2,012,"I-105 E/B TO PRAIRIE AVENUE","PRAIRIE AVENE",900.00,W,N,A,-,Y,,,105,,,,R,,E,Y,3,0,4,4,A,-,01,23152,A,N,B,C,E,A,H,-,D,D,0,Y,,,,Y,Y,A,01,0,1,3,0,1,0,0,0,0,"- ","- ",33.932830810546875,-118.34697723388672,"LOS ANGELES",INGLEWOOD,-118.34697723388672,33.932830810546875
90675836,2018,2018-03-06,9525,2018-02-25,0810,021684,,7,1,5,1990,0,1,3,,2,601,"SR-60 W/B (POMONA FWY)","GRAND AVE",1000.00,W,N,A,-,Y,,,60,,,,,,W,N,4,0,1,2,C,-,18,,,N,G,B,E,A,D,-,A,D,0,Y,,,,Y,,-,"- ",0,0,1,0,1,0,0,0,0,"- ","- ",34.007911682128906,-117.82614135742188,"LOS ANGELES","DIAMOND BAR",-117.82597351074219,34.007743835449219
90680184,2018,2018-03-12,9590,2018-03-03,0210,021179,,6,3,7,1942,0,1,2,,2,070,"US-101  N/B (HOLLYWOOD FWY.)","VERMONT AVE",600.00,N,N,A,G,Y,,,101,,,,,,N,N,2,0,1,2,A,-,11,21954,A,N,G,B,E,A,H,-,C,D,0,Y,,,,Y,,N,60,1,0,0,0,1,0,0,0,0,"- ","- ",34.081130981445312,-118.29354858398438,"LOS ANGELES","LOS ANGELES",-118.29354095458984,34.081150054931641
90681067,2018,2018-03-13,9565,2018-03-04,1820,021694,,7,2,6,1933,0,1,1,,2,060,"I-405 S/B TO CENTURY BLVD. E/B","LA CIENEGA BLVD.",8.00,E,N,A,-,Y,,,405,,,,R,,S,N,3,0,1,2,A,-,12,21453,A,N,H,G,A,A,H,-,C,D,0,,Y,,,Y,,L,04,0,1,0,0,0,0,1,0,0,"- ","- ",33.943088531494141,-118.36984252929688,"LOS ANGELES",INGLEWOOD,-118.36984252929688,33.943088531494141
90681651,2018,2018-03-14,9540,2018-02-24,0845,018208,,6,1,9,1900,0,1,3,,2,126,"SR-126 W/B","CHIQUITO CANYON RD",1700.00,W,N,A,-,Y,,,126,,,,,,W,N,3,0,2,2,A,-,03,22350,,N,H,G,A,A,C,-,A,D,0,,Y,,,Y,,L,04,0,2,0,0,0,0,2,0,0,"- ","- ",34.416179656982422,-118.66056823730469,"LOS ANGELES",UNINCORPORATED,-118.66062927246094,34.416267395019531
90682396,2018,2018-03-15,9575,2018-03-06,2102,020492,,2,2,6,1925,0,1,3,,2,042,"SR-134 E/B FROM PACIFIC AVE","PACIFIC AVE",10.00,E,N,A,-,Y,,,134,,,,R,,E,N,3,0,1,2,D,-,00,,,N,G,B,B,A,H,-,C,A,0,Y,,,,Y,,-,"- ",0,1,0,0,1,0,0,0,0,"- ","- ",34.155811309814453,-118.26445007324219,"LOS ANGELES",GLENDALE,-118.26445007324219,34.155811309814453
90682401,2018,2018-03-15,9575,2018-03-08,0815,020476,,4,1,9,1900,0,1,3,,2,081,"ROSEMEAD BLVD. (7000 BLOCK)","DUARTE RD.",750.00,N,N,A,-,Y,,,,,,,,,,N,3,0,1,3,A,-,08,22107,,N,C,E,F,A,H,-,A,D,0,Y,,,,Y,,D,22,0,1,0,0,1,0,0,0,0,"- ","- ",34.125118255615234,-118.072998046875,"LOS ANGELES",UNINCORPORATED,-118.07318115234375,34.125041961669922
90684905,2018,2018-03-20,9535,2018-03-09,0213,021638,,5,3,9,1900,0,1,3,,2,066,"SR-164 (ROSEMEAD BLVD)","GALLATIN RD",238.00,N,N,A,-,Y,,,164,,,,,,,Y,2,0,1,2,A,-,11,21954,A,N,G,B,D,A,H,-,C,D,0,Y,,,,Y,Y,N,60,1,0,0,0,1,0,0,0,0,"- ","- ",34.017391204833984,-118.07839965820312,"LOS ANGELES",UNINCORPORATED,-118.07855987548828,34.017475128173828
90685266,2018,2018-03-20,9545,2018-03-08,2330,020524,,4,3,6,1950,0,1,3,,2,021,"SR-14 S/B","10TH ST WEST",290.00,N,N,A,-,Y,,,14,,,,,,S,N,4,0,1,3,A,-,11,21954,A,N,G,B,E,A,H,-,C,D,0,Y,,,,Y,,N,60,0,0,1,0,1,0,0,0,0,"- ","- ",34.607658386230469,-118.15090179443359,"LOS ANGELES",PALMDALE,-118.15086364746094,34.607696533203125
90686229,2018,2018-03-20,9535,2018-03-12,2033,021131,,1,2,9,1900,0,2,4,,2,024,"WHITTIER BLVD.","FORD BLVD.",0.00,,Y,A,-,Y,,,,,,,,,,N,4,0,2,3,A,-,10,21950,A,N,G,B,B,A,H,-,C,A,0,Y,,,,Y,,A,01,0,0,2,0,2,0,0,0,0,"- ","- ",34.023319244384766,-118.17102813720703,"LOS ANGELES",UNINCORPORATED,-118.17105102539062,34.023319244384766
90687225,2018,2018-03-21,9550,2018-03-11,0630,021410,,7,1,9,1900,0,1,1,,2,650,"INTERSTATE 605 S/B FROM SLAUSON AVE","SAL AVE",100.00,E,N,A,-,Y,,,605,,,,R,,S,N,4,0,1,2,A,-,11,21954,A,N,G,B,D,A,H,-,B,D,0,Y,,,,Y,,N,60,0,0,1,0,1,0,0,0,0,"- ","- ",33.966949462890625,-118.08531188964844,"LOS ANGELES",UNINCORPORATED,-118.08531188964844,33.966949462890625
90690755,2018,2018-04-30,9530,2018-01-27,0429,021642,,6,3,7,1942,0,1,1,,2,200,"I-105 E/B (GLENN ANDERSON FWY)","CENTRAL AVENUE",291.00,W,N,A,-,Y,,,105,,,,,,E,Y,1,1,1,5,A,-,03,22350,,N,D,C,E,A,H,-,D,D,0,Y,,,,Y,,A,01,0,0,1,1,0,0,0,0,0,"- ","- ",33.927490234375,-118.25698852539062,"LOS ANGELES","LOS ANGELES",-118.25700378417969,33.927566528320312
90695716,2018,2018-03-30,9575,2018-03-23,0136,021978,,5,3,7,1942,0,1,3,,2,044,"SR-134 E/B (VENTURA FREEWAY)","PASS AVE",1700.00,W,N,C,-,Y,,,134,,,,,,E,Y,4,0,1,3,A,-,03,22350,,N,C,C,E,B,H,-,C,D,0,Y,,,,Y,,A,07,0,0,1,0,1,0,0,0,0,"- ","- ",34.1533203125,-118.35051727294922,"LOS ANGELES","LOS ANGELES",-118.35051727294922,34.153301239013672
90696133,2018,2018-04-02,9530,2018-02-22,1815,021709,,4,2,7,1942,0,1,1,,2,120,"I-110 S/B TO PACIFIC COAST HIGHWAY","PACIFIC COAST HWY.",5.00,N,N,A,-,Y,,,110,,,,R,,S,N,4,0,1,2,A,-,10,21950,A,N,G,B,B,A,H,-,C,A,0,Y,,,,Y,,A,07,0,0,1,0,1,0,0,0,0,"- ","- ",33.790699005126953,-118.28285980224609,"LOS ANGELES","LOS ANGELES",-118.28285980224609,33.790699005126953
90698759,2018,2018-04-04,9530,2018-04-03,0001,020956,,2,3,5,1977,0,1,1,,2,400,"I-405 N/B (SAN DIEGO FREEWAY)","ALAMEDA ST.",1584.00,E,N,A,-,Y,,,,,,,,,,N,2,0,1,2,A,-,17,21461,,N,G,B,E,A,H,-,C,D,0,Y,,,,Y,,N,60,1,0,0,0,1,0,0,0,0,"- ","- ",33.493110656738281,-118.13226318359375,"LOS ANGELES",CARSON,-118.22815704345703,33.825611114501953
90700275,2018,2018-04-16,9580,2018-03-27,0950,019573,,2,1,7,1942,0,1,1,,2,407,"I-405 S/B FROM NORDHOFF ST.","NORDHOFF ST",4.00,S,N,A,-,Y,,,405,,,,R,,S,N,2,0,1,2,A,-,10,21950,A,N,G,B,B,A,H,-,A,A,0,Y,,,,Y,,A,07,1,0,0,0,1,0,0,0,0,"- ","- ",34.235500335693359,-118.47350311279297,"LOS ANGELES","LOS ANGELES",-118.47350311279297,34.235500335693359
90701263,2018,2018-04-09,9525,2018-03-30,2235,021229,,5,3,1,1934,0,1,1,,2,204,"I-210 E/B FROM IRWINDALE AVE","IRWINDALE AVE",6.00,E,N,A,-,Y,,,210,,,,R,,E,N,2,0,1,2,A,-,12,21453,A,N,D,G,A,A,H,-,C,A,0,,Y,,,Y,,L,04,1,0,0,0,0,0,1,0,0,"- ","- ",34.129459381103516,-117.93348693847656,"LOS ANGELES",IRWINDALE,-117.93348693847656,34.129459381103516
90702630,2018,2018-04-10,9530,2018-04-09,1330,020236,,1,1,9,1900,0,3,5,,2,001,"COMPTON AVE.","64TH ST.",0.00,,Y,A,-,Y,,,,,,,,,,N,4,0,1,2,A,-,09,21804,A,N,D,G,A,A,H,-,A,A,0,,Y,,,Y,,L,04,0,0,1,0,0,0,1,0,0,"- ","- ",33.981670379638672,-118.24771881103516,"LOS ANGELES",UNINCORPORATED,-118.24771881103516,33.981609344482422
90707188,2018,2018-04-17,9580,2018-04-05,0820,021963,,4,1,9,1900,0,1,3,,1,270,"SR-27 S/B (TOPANGA CYN. BLVD.)","GRANDVIEW DR",10560.00,S,N,B,-,Y,,,27,,,,,,S,N,3,0,1,1,C,-,18,,,N,E,J,A,A,H,-,A,D,0,,Y,,,Y,,-,"- ",0,1,0,0,0,0,1,0,0,"- ","- ",34.074699401855469,-118.58910369873047,"LOS ANGELES",UNINCORPORATED,-118.58910369873047,34.074695587158203
90707192,2018,2018-04-17,9550,2018-04-06,2125,022012,,5,2,9,1900,0,1,3,,2,602,"SR-60 E/B TO NOGALES STREET","NOGALES STREET",10.00,W,N,A,-,Y,,,,,,,,,,N,4,0,1,2,A,-,05,21650,,F,D,G,A,A,H,-,C,A,0,,Y,,,Y,,L,04,0,0,1,0,0,0,1,0,0,"- ","- ",33.593429565429688,-117.53199768066406,"LOS ANGELES",UNINCORPORATED,-117.888671875,33.994060516357422