CASE_ID,ACCIDENT_YEAR,PROC_DATE,JURIS,COLLISION_DATE,COLLISION_TIME,OFFICER_ID,REPORTING_DISTRICT,DAY_OF_WEEK,CHP_SHIFT,POPULATION,CNTY_CITY_LOC,SPECIAL_COND,BEAT_TYPE,CHP_BEAT_TYPE,CITY_DIVISION_LAPD,CHP_BEAT_CLASS,BEAT_NUMBER,PRIMARY_RD,SECONDARY_RD,DISTANCE,DIRECTION,INTERSECTION,WEATHER_1,WEATHER_2,STATE_HWY_IND,CALTRANS_COUNTY,CALTRANS_DISTRICT,STATE_ROUTE,ROUTE_SUFFIX,POSTMILE_PREFIX,POSTMILE,LOCATION_TYPE,RAMP_INTERSECTION,SIDE_OF_HWY,TOW_AWAY,COLLISION_SEVERITY,NUMBER_KILLED,NUMBER_INJURED,PARTY_COUNT,PRIMARY_COLL_FACTOR,PCF_CODE_OF_VIOL,PCF_VIOL_CATEGORY,PCF_VIOLATION,PCF_VIOL_SUBSECTION,HIT_AND_RUN,TYPE_OF_COLLISION,MVIW,PED_ACTION,ROAD_SURFACE,ROAD_COND_1,ROAD_COND_2,LIGHTING,CONTROL_DEVICE,CHP_ROAD_TYPE,PEDESTRIAN_ACCIDENT,BICYCLE_ACCIDENT,MOTORCYCLE_ACCIDENT,TRUCK_ACCIDENT,NOT_PRIVATE_PROPERTY,ALCOHOL_INVOLVED,STWD_VEHTYPE_AT_FAULT,CHP_VEHTYPE_AT_FAULT,COUNT_SEVERE_INJ,COUNT_VISIBLE_INJ,COUNT_COMPLAINT_PAIN,COUNT_PED_KILLED,COUNT_PED_INJURED,COUNT_BICYCLIST_KILLED,COUNT_BICYCLIST_INJURED,COUNT_MC_KILLED,COUNT_MC_INJURED,PRIMARY_RAMP,SECONDARY_RAMP,LATITUDE,LONGITUDE,COUNTY,CITY,POINT_X,POINT_Y
90783143,2018,2018-08-02,9590,2018-07-21,2332,021654,,6,3,7,1942,0,1,1,,2,052,"I-110 N/B (HARBOR FREEWAY) COLLECTOR","JAMES M WOOD BOULEVARD",400.00,S,N,A,-,Y,,,110,,,,,,N,N,4,0,1,2,A,-,11,21954,A,N,G,B,D,A,H,-,C,D,0,Y,,,,Y,,N,60,0,0,1,0,1,0,0,0,0,"- ","- ",34.047088623046875,-118.26753234863281,"LOS ANGELES","LOS ANGELES",-118.26760864257812,34.047218322753906
90784095,2018,2018-12-11,9565,2018-07-26,1552,021706,,4,2,9,1900,0,1,1,,2,063,"I-405 S/B FROM WILSHIRE BLVD W/B","WILSHIRE BLVD",16.00,N,N,A,-,Y,,,405,,,,R,,S,N,3,0,1,2,A,-,10,21950,A,N,H,G,A,A,H,-,A,D,0,,Y,,,Y,,A,07,0,1,0,0,0,0,1,0,0,"- ","- ",34.055400848388672,-118.45317077636719,"LOS ANGELES",UNINCORPORATED,-118.45317077636719,34.055400848388672
90785127,2018,2018-08-06,9590,2018-03-18,0205,021535,,7,3,7,1942,0,1,1,,2,085,"I-5 SOUTHBOUND (GOLDEN STATE FREEWAY)","GILROY STREET (SOUTH EDGE)",65.00,S,N,A,-,Y,,,5,,,,,,S,Y,1,1,0,3,A,-,01,23152,A,N,H,C,E,A,C,-,C,D,0,Y,,Y,,Y,Y,A,01,0,0,0,1,0,0,0,0,0,"- ","- ",34.104530334472656,-118.25290679931641,"LOS ANGELES","LOS ANGELES",-118.25289154052734,34.104557037353516
90785940,2018,2018-08-07,9580,2018-07-26,1115,015926,,4,1,9,1900,0,1,3,,1,121,"SR-1 N/B (PACIFIC COAST HWY.)","MULHOLLAND HWY",528.00,N,N,B,-,Y,,,1,,,,,,N,N,3,0,1,2,A,-,06,21750,A,N,C,G,A,A,H,-,A,D,0,,Y,,Y,Y,,F,26,0,1,0,0,0,0,1,0,0,"- ","- ",34.044948577880859,-118.93628692626953,"LOS ANGELES",UNINCORPORATED,-118.93629455566406,34.044963836669922
90787335,2018,2018-08-16,9550,2018-08-07,1853,016761,,2,2,5,1919,0,1,1,,2,652,"I-605 S/B (SAN GABRIEL RIVER FREEWAY)","195TH STREET",480.00,N,N,A,-,Y,,,605,,,,,,S,Y,3,0,1,3,A,-,08,22107,,N,C,C,E,A,H,-,A,D,0,Y,,,,Y,,A,07,0,1,0,0,1,0,0,0,0,"- ","- ",33.854679107666016,-118.09554290771484,"LOS ANGELES",CERRITOS,-118.09548950195312,33.854690551757812
90787838,2018,2018-08-09,9590,2018-07-26,2120,021883,,4,2,7,1942,0,1,3,,2,095,"SR-2 FROM SAN FERNANDO RD.","SAN FERNANDO RD.",6.00,S,N,A,-,Y,,,2,,,,R,,,Y,3,0,1,2,A,-,05,21650,,N,D,G,A,A,H,-,C,A,0,,Y,,,Y,,L,04,0,1,0,0,0,0,1,0,0,"- ","- ",34.113498687744141,-118.24458312988281,"LOS ANGELES","LOS ANGELES",-118.24458312988281,34.113498687744141
90789134,2018,2018-08-13,9565,2018-08-03,0700,017060,,5,1,9,1900,0,1,1,,2,060,"I-405 N/B FROM IMPERIAL HWY W/B","IMPERIAL HIGHWAY",2.00,N,N,A,-,Y,,,405,,,,R,,N,N,4,0,1,3,A,-,03,22350,,N,C,C,A,A,H,-,A,D,0,,Y,,,Y,,A,01,0,0,1,0,0,0,1,0,0,"- ","- ",33.931179046630859,-118.36641693115234,"LOS ANGELES",UNINCORPORATED,-118.36641693115234,33.931179046630859
90793322,2018,2018-08-20,9565,2018-07-27,0319,021021,,5,3,7,1942,0,1,1,,2,063,"I-405 N/B (SAN DIEGO FREEWAY)","MONTANA AVE",535.00,N,N,A,-,Y,,,405,,,,,,N,Y,2,0,1,3,A,-,03,22350,,N,D,C,E,A,H,-,C,D,0,Y,,,,Y,,A,01,1,0,0,0,1,0,0,0,0,"- ","- ",34.068321228027344,-118.46273040771484,"LOS ANGELES","LOS ANGELES",-118.46266174316406,34.068382263183594
90796284,2018,2018-08-23,9580,2018-08-13,0005,022103,,1,3,7,1942,0,1,1,,2,406,"I-405 N/B FROM NORDHOFF STREET","NORDHOFF ST",200.00,N,N,A,-,Y,,,405,,,,R,,N,N,4,0,1,2,A,-,08,22107,,F,E,J,F,A,G,-,C,D,0,Y,,,,Y,,-,99,0,0,1,0,1,0,0,0,0,"- ","- ",34.233489990234375,-118.47280883789062,"LOS ANGELES","LOS ANGELES",-118.47280883789062,34.233489990234375
90798044,2018,2020-01-08,9545,2018-07-17,2100,018342,,2,2,9,1900,0,1,3,,1,042,SR-138,"126TH STREET EAST",0.00,,Y,A,-,Y,,,138,,,,,,,Y,1,1,0,2,A,-,11,21954,A,N,G,B,D,A,H,-,C,D,0,Y,,,,Y,,N,60,0,0,0,1,0,0,0,0,0,"- ","- ",34.5064697265625,-117.90535736083984,"LOS ANGELES",UNINCORPORATED,-117.90535736083984,34.506450653076172
90799424,2018,2018-08-27,9525,2018-03-03,1852,021080,,6,2,6,1955,0,1,1,,2,107,"I-10 W/B (SAN BERNARDINO FREEWAY)","DUDLEY STREET",355.00,W,N,A,-,Y,,,10,,,,,,W,Y,1,1,1,2,A,-,11,21954,A,N,G,B,E,A,H,-,C,D,0,Y,,,,Y,,N,60,0,1,0,1,0,0,0,0,0,"- ","- ",34.073078155517578,-117.77967071533203,"LOS ANGELES",POMONA,-117.77967071533203,34.072975158691406
90801465,2018,2018-08-30,9580,2018-08-19,2025,021603,,7,2,7,1942,0,1,3,,2,171,"SR-170 S/B (HOLLYWOOD FWY.)","WHITSETT AVE",450.00,S,N,A,-,Y,,,170,,,,,,S,N,2,0,1,1,A,-,03,22350,,N,F,A,A,A,H,-,C,D,0,,Y,,,Y,,L,04,1,0,0,0,0,0,1,0,0,"- ","- ",34.204769134521484,-118.40554046630859,"LOS ANGELES","LOS ANGELES",-118.40549468994141,34.204792022705078
90803327,2018,2019-05-03,9550,2018-08-21,0006,021578,,2,3,6,1949,0,1,1,,2,651,"I-605 N/B","FOSTER RD.",60.00,S,N,A,-,Y,,,605,,,,,,N,Y,3,0,3,4,A,-,03,22350,,N,D,C,E,A,H,-,C,D,0,Y,,,,Y,,A,01,0,3,0,0,1,0,0,0,0,"- ","- ",33.909351348876953,-118.10488891601562,"LOS ANGELES",NORWALK,-118.10487365722656,33.909347534179688
90804189,2018,2018-09-03,9535,2018-08-25,1120,017148,,6,1,5,1901,0,1,1,,2,421,"I-10 W/B TO ATLANTIC BLVD NORTH","ATLANTIC BLVD.",9.00,E,N,A,-,Y,,,10,,,,R,,W,N,4,0,1,2,A,-,09,21804,A,N,D,G,A,A,H,-,A,A,0,,Y,,,Y,,L,04,0,0,1,0,0,0,1,0,0,"- ","- ",34.073310852050781,-118.13430023193359,"LOS ANGELES",ALHAMBRA,-118.13430023193359,34.073310852050781
90804578,2018,2018-09-04,9550,2018-08-26,1555,021986,,7,2,3,1964,0,1,1,,2,650,"I-605 N/B TO TELEGRAPH ROAD W/B","TELEGRAPH ROAD",5.00,N,N,A,-,Y,,,605,,,,R,,N,N,3,0,1,2,A,-,09,21804,A,N,H,G,A,A,H,-,A,D,0,,Y,,,Y,,L,04,0,1,0,0,0,0,1,0,0,"- ","- ",33.949531555175781,-118.09101104736328,"LOS ANGELES","SANTA FE SPRINGS",-118.09101104736328,33.949531555175781
90806649,2018,2018-09-06,9580,2018-08-24,1715,021592,,5,2,7,1942,0,1,2,,2,104,"US-101 N/B TO VALLEY CIRCLE BLVD","VALLEY CIRCLE BLVD",6.00,S,N,A,-,Y,,,101,,,,R,,N,N,4,0,1,2,A,-,05,21650,,N,D,G,A,A,H,-,A,D,0,,Y,,,Y,,L,04,0,0,1,0,0,0,1,0,0,"- ","- ",34.160068511962891,-118.63762664794922,"LOS ANGELES","LOS ANGELES",-118.63762664794922,34.160068511962891
90807282,2018,2018-09-06,9575,2018-08-26,1420,021006,,7,2,6,1925,0,1,3,,2,042,"SR-134 E/B TO CENTRAL AVE.","CENTRAL AVE.",15.00,W,N,A,-,Y,,,134,,,,R,,E,N,4,0,1,2,A,-,11,21956,,N,G,B,E,A,H,-,A,A,0,Y,,,,Y,Y,N,60,0,0,1,0,1,0,0,0,0,"- ","- ",34.156009674072266,-118.25801086425781,"LOS ANGELES",GLENDALE,-118.25801086425781,34.156009674072266
90807375,2018,2018-09-06,9590,2018-03-31,1055,021883,,6,1,7,1942,0,1,2,,2,072,"US-101 NORTHBOUND (HOLLYWOOD FREEWAY)","HOLLYWOOD BOULEVARD",300.00,S,N,A,-,Y,,,101,,,,,,N,N,1,1,0,2,A,-,11,21954,A,N,G,B,E,A,H,-,A,D,0,Y,,,,Y,,N,60,0,0,0,1,0,0,0,0,0,"- ","- ",34.099910736083984,-118.31543731689453,"LOS ANGELES","LOS ANGELES",-118.31545257568359,34.099899291992188
90807847,2018,2018-09-07,9580,2018-08-28,1232,015926,,2,1,9,1900,0,1,3,,1,270,"SR-27 S/B (TOPANGA CYN. BLVD.)","SANTA MARIA RD",284.00,S,N,A,-,Y,,,27,,,,,,S,N,4,0,1,2,A,-,03,22350,,N,A,G,A,A,H,-,A,D,0,,Y,,,Y,,A,01,0,0,1,0,0,0,1,0,0,"- ","- ",34.1226806640625,-118.59034729003906,"LOS ANGELES",UNINCORPORATED,-118.59043884277344,34.122707366943359
90808148,2018,2018-09-07,9580,2018-08-23,0910,019511,,4,1,9,1900,0,1,3,,1,120,"SR-1 S/B (PACIFIC COAST HWY.)","COASTLINE DR",2640.00,N,N,A,-,Y,,,1,,,,,,S,N,3,0,1,2,A,-,08,22107,,N,B,G,A,A,H,-,A,D,0,,Y,,,Y,,A,07,0,1,0,0,0,0,1,0,0,"- ","- ",34.040931701660156,-118.57392120361328,"LOS ANGELES",UNINCORPORATED,-118.573974609375,34.041023254394531
90808590,2018,2018-09-10,9580,2018-08-27,0215,021236,,1,3,7,1942,0,1,3,,2,115,"SR-118 W/B (RONALD REAGAN FWY.)","FOX STREET",6.00,E,N,A,-,Y,,,118,,,,,,W,Y,2,0,3,6,A,-,01,23152,A,N,E,J,F,A,D,-,C,A,0,Y,,,,Y,Y,A,07,1,0,2,0,2,0,0,0,0,"- ","- ",34.2659912109375,-118.45359802246094,"LOS ANGELES","LOS ANGELES",-118.45359802246094,34.266002655029297
90809933,2018,2018-09-11,9565,2018-08-14,0745,022057,,2,1,9,1900,0,2,4,,2,023,"WESTERN AVENUE","120TH ST",140.00,S,N,A,-,Y,,,,,,,,,,N,3,0,1,2,A,-,11,21954,A,N,G,B,D,A,H,-,A,A,0,Y,,,,Y,,N,60,0,1,0,0,1,0,0,0,0,"- ","- ",33.923511505126953,-118.30896759033203,"LOS ANGELES",UNINCORPORATED,-118.30905914306641,33.92364501953125
90811264,2018,2018-09-12,9590,2018-09-05,1230,015985,,3,1,7,1942,0,1,1,,2,061,"I-10 W/B (SMF) TO WESTERN AVE","WESTERN AVENUE",10.00,E,N,A,-,Y,,,10,,,,R,,W,N,3,0,1,2,A,-,10,21950,A,F,G,B,B,A,H,-,A,A,0,Y,,,,Y,,A,07,0,1,0,0,1,0,0,0,0,"- ","- ",34.037769317626953,-118.30888366699219,"LOS ANGELES","LOS ANGELES",-118.30888366699219,34.037769317626953
90813953,2018,2018-09-17,9525,2018-09-12,0558,020499,,3,3,1,1934,0,1,1,,2,214,"I-210 E/B (FOOTHILL FWY)","IRWINDALE AVE",1584.00,E,N,A,-,Y,,,210,,,,,,E,Y,3,0,2,3,A,-,03,22350,,N,D,C,E,A,H,-,D,D,0,Y,,,,Y,,A,01,0,1,1,0,1,0,0,0,0,"- ","- ",34.130649566650391,-117.927001953125,"LOS ANGELES",IRWINDALE,-117.92703247070312,34.130489349365234
90817371,2018,2018-09-20,9590,2018-09-10,2124,021848,,1,2,7,1942,0,1,2,,2,073,"US-101 S/B (HOF) FROM SANTA MONICA BLVD","SANTA MONICA BOULEVARD",6.00,S,N,A,-,Y,,,101,,,,R,,S,N,3,0,1,2,A,-,05,21650,,N,D,G,A,A,H,-,C,A,0,,Y,,,Y,,L,04,0,1,0,0,0,0,1,0,0,"- ","- ",34.090648651123047,-118.30689239501953,"LOS ANGELES","LOS ANGELES",-118.30689239501953,34.090648651123047
90818157,2018,2020-02-28,9550,2018-08-22,1830,021985,,3,2,5,1919,0,1,1,,2,652,"I-605 N/B FROM CARSON ST.","INTERSTATE 605 (SAN GABRIEL RIVER FREEWA",65.00,W,N,A,-,Y,,,,,,,,,,N,2,0,1,2,A,-,12,21453,A,N,A,C,A,A,H,-,B,A,0,,Y,,,Y,,A,01,1,0,0,0,0,0,1,0,0,"- ","- ",33.831600189208984,-118.08360290527344,"LOS ANGELES",CERRITOS,-118.08369445800781,33.831512451171875
90822268,2018,2018-09-27,9535,2018-09-17,1705,022100,,1,2,5,1952,0,1,1,,2,104,"I-105 E/B TO GARFIELD AVE.","GARFIELD AVE",200.00,W,N,A,-,Y,,,105,,,,R,,E,N,3,0,1,2,A,-,06,21755,,N,G,B,E,A,H,-,A,A,0,Y,,,,Y,,A,01,0,1,0,0,1,0,0,0,0,"- ","- ",33.910449981689453,-118.16928863525391,"LOS ANGELES",PARAMOUNT,-118.16928863525391,33.910449981689453
90822271,2018,2018-09-27,9530,2018-09-17,1640,021871,,1,2,9,1900,0,1,1,,2,120,"I-110 N/B (HARBOR FREEWAY)","L ST.",500.00,S,N,A,-,Y,,,,,,,,,,Y,3,0,1,4,A,-,03,22350,,N,C,C,E,A,H,-,A,D,0,Y,,,,Y,,D,22,0,1,0,0,1,0,0,0,0,"- ","- ",33.785968780517578,-118.28112030029297,"LOS ANGELES",UNINCORPORATED,-118.28087615966797,33.784679412841797
90822723,2018,2018-09-27,9530,2018-08-22,1330,022109,,3,1,7,1942,0,1,1,,2,200,"I-105 W/B (GLENN ANDERSON FWY)","CENTRAL AVE.",1584.00,W,N,A,-,Y,,,105,,,,,,W,N,4,0,1,2,A,-,11,21954,A,N,G,B,E,A,H,-,A,D,0,Y,,,Y,Y,,N,60,0,0,1,0,1,0,0,0,0,"- ","- ",33.927661895751953,-118.26036071777344,"LOS ANGELES","LOS ANGELES",-118.26036071777344,33.927650451660156
90824597,2018,2018-09-28,9575,2018-09-20,1949,020702,,4,2,7,1942,0,1,3,,2,070,"SR-118 E/B FROM PAXTON ST.","PAXTON ST.",3.00,N,N,A,-,Y,,,118,,,,R,,E,N,4,0,1,3,A,-,12,21453,A,N,H,G,A,A,H,-,C,A,0,,Y,,,Y,,L,04,0,0,1,0,0,0,1,0,0,"- ","- ",34.27825927734375,-118.42002868652344,"LOS ANGELES","LOS ANGELES",-118.42002868652344,34.27825927734375
90824845,2018,2018-10-01,9535,2018-09-19,0805,015636,,3,1,5,1901,0,1,1,,2,071,"I-710 (LONG BEACH FREEWAY) S/B","VALLEY BLVD",5.00,S,N,B,-,Y,,,710,,,,,,S,N,3,0,1,2,A,-,09,21804,A,M,H,G,A,A,H,-,A,A,0,,Y,,,Y,,L,04,0,1,0,0,0,0,1,0,0,"- ","- ",34.074729919433594,-118.16159057617188,"LOS ANGELES",ALHAMBRA,-118.16162109375,34.074722290039062
90825362,2018,2018-10-01,9590,2018-09-22,0024,021906,,6,3,7,1942,0,1,1,,2,010,"SR-110 N/B (ARROYO SECO PARKWAY)","AVENUE 19",50.00,N,N,A,-,Y,,,110,,,,,,N,N,3,0,1,2,A,-,11,21954,A,N,G,B,E,A,H,-,C,D,0,Y,,,,Y,,N,60,0,1,0,0,1,0,0,0,0,"- ","- ",34.080539703369141,-118.22557830810547,"LOS ANGELES","LOS ANGELES",-118.2255859375,34.080543518066406
90830255,2018,2018-10-08,9575,2018-09-26,1915,020702,,3,2,7,1942,0,1,1,,2,053,"I-5 N/B FROM PAXTON ST.","PAXTON ST.",2.00,N,N,A,-,Y,,,5,,,,R,,N,N,3,0,1,2,A,-,10,21950,A,N,H,G,A,A,H,-,C,D,0,,Y,,,Y,,D,22,0,1,0,0,0,0,1,0,0,"- ","- ",34.263679504394531,-118.44008636474609,"LOS ANGELES","LOS ANGELES",-118.44008636474609,34.263679504394531
90832323,2018,2018-10-09,9580,2018-09-27,1013,018101,,4,1,7,1942,0,1,1,,2,407,"I-405 S/B (SAN DIEGO FWY) TO HASKELL AV","SHERMAN WAY",1500.00,N,N,A,-,Y,,,405,,,,R,,S,Y,4,0,1,2,A,-,01,23152,A,N,G,B,E,A,H,-,A,D,0,Y,,,,Y,Y,A,01,0,0,1,0,1,0,0,0,0,"- ","- ",34.204601287841797,-118.47364807128906,"LOS ANGELES","LOS ANGELES",-118.47364807128906,34.204601287841797
90835832,2018,2018-10-15,9575,2018-10-04,0555,021849,,4,3,7,1942,0,1,1,,2,053,"I-5 S/B FROM TERRA BELLA ST.","TERRA BELLA ST.",8.00,S,N,A,-,Y,,,5,,,,R,,S,N,2,0,1,2,A,-,05,21650,,N,H,G,A,A,H,-,C,A,0,,Y,,,Y,,L,04,1,0,0,0,0,0,1,0,0,"- ","- ",34.250320434570312,-118.42900848388672,"LOS ANGELES","LOS ANGELES",-118.42900848388672,34.250320434570312
90836673,2018,2018-10-16,9540,2018-09-25,1925,020862,,2,2,6,1985,0,1,3,,1,145,"SR-14 SOUTHBOUND (ANTELOPE VALLEY FWY)","PLACERITA CANYON RD",512.00,S,N,A,-,Y,,,,,,,,,,Y,2,0,4,3,A,-,03,22350,,N,C,C,E,A,H,-,D,D,0,Y,,,,Y,,A,01,2,1,1,0,1,0,0,0,0,"- ","- ",34.376991271972656,-118.49948883056641,"LOS ANGELES","SANTA CLARITA",-118.49488067626953,34.376720428466797
90837662,2018,2018-10-17,9535,2018-10-05,1245,015636,,5,1,9,1900,0,1,1,,2,071,"I-710 (LONG BEACH FREEWAY) S/B","WHITTIER BLVD",250.00,N,N,A,-,Y,,,710,,,,,,S,N,3,0,1,2,A,-,00,21960,A,N,H,G,A,A,H,-,A,D,0,,Y,,,Y,,L,04,0,1,0,0,0,0,1,0,0,"- ","- ",34.024288177490234,-118.17252349853516,"LOS ANGELES",UNINCORPORATED,-118.17257690429688,34.024303436279297
90837906,2018,2020-04-28,9590,2018-08-01,2127,021671,,3,2,7,1942,0,1,1,,2,050,"I-110 N/B (HARBOR FWY.) TO GAGE AVENUE","65TH STREET PEDESTRIAN UNDERCROSSING",11.30,S,N,A,-,Y,,,110,,,,R,,N,N,1,1,0,2,A,-,11,21954,A,N,G,B,E,A,H,-,C,D,0,Y,,,,Y,,N,60,0,0,0,1,0,0,0,0,0,"- ","- ",33.980690002441406,-118.28038787841797,"LOS ANGELES","LOS ANGELES",-118.28038787841797,33.980690002441406
90838091,2018,2018-10-17,9590,2018-10-09,0736,017520,,2,1,7,1942,0,1,1,,2,011,"SR-110 S/B (ASP)","SUNSET BLVD.",198.00,N,N,A,-,Y,,,,,,,,,,N,4,0,1,2,A,-,03,22350,,N,G,B,E,A,H,-,A,D,0,Y,,,,Y,,A,01,0,0,1,0,1,0,0,0,0,"- ","- ",33.215610504150391,-118.51622772216797,"LOS ANGELES","LOS ANGELES",-118.24714660644531,34.064132690429688
90843272,2018,2018-10-24,9580,2018-10-01,0542,020153,,1,3,7,1942,0,1,3,,2,171,"SR-170 S/B (HOLLYWOOD FWY.)","VICTORY  BLVD",2511.00,N,N,A,-,Y,,,170,,,,,,S,N,2,0,1,2,A,-,11,21956,A,F,G,B,E,A,H,-,D,D,0,Y,,,,Y,,N,60,1,0,0,0,1,0,0,0,0,"- ","- ",34.196060180664062,-118.40280151367188,"LOS ANGELES","LOS ANGELES",-118.40285491943359,34.196052551269531
90843827,2018,2018-10-24,9545,2018-10-12,1905,020749,,5,2,9,1900,0,1,3,,1,042,"SR-138 E/B","126TH STREET EAST",305.00,W,N,A,-,Y,,,138,,,,,,E,N,2,0,1,2,A,-,11,21954,A,N,G,B,D,A,H,-,C,D,0,Y,,,,Y,,N,60,1,0,0,0,1,0,0,0,0,"- ","- ",34.50640869140625,-117.90644073486328,"LOS ANGELES",UNINCORPORATED,-117.90644073486328,34.506439208984375
90847183,2018,2018-10-29,9575,2018-10-18,2030,022110,,4,2,9,1900,0,2,4,,2,012,"FOOTHILL BOULEVARD (2600 BLOCK)","RAYMOND AVENUE (4400 BLOCK)",140.00,E,N,A,-,Y,,,,,,,,,,N,3,0,1,2,A,-,09,21804,A,N,D,G,A,A,H,-,C,D,0,,Y,,,Y,,A,01,0,1,0,0,0,0,1,0,0,"- ","- ",34.222198486328125,-118.23709869384766,"LOS ANGELES",UNINCORPORATED,-118.23713684082031,34.222415924072266
90849842,2018,2018-10-31,9565,2018-10-24,0825,017713,,3,1,9,1900,0,3,5,,2,004,"104TH ST.","PRAIRIE AVE.",540.00,W,N,A,-,Y,,,,,,,,,,N,3,0,1,3,A,-,08,22107,,F,G,B,E,A,H,-,A,D,0,Y,,,,Y,,A,01,0,1,0,0,1,0,0,0,0,"- ","- ",33.941810607910156,-118.34584045410156,"LOS ANGELES",UNINCORPORATED,-118.34571838378906,33.941806793212891
90849903,2018,2018-10-31,9535,2018-10-25,0730,016175,,4,1,5,1901,0,1,1,,2,421,"I-10 W/B TO NEW AVE. S/B","NEW AVE",5.00,W,N,B,-,Y,,,10,,,,R,,W,N,3,0,1,2,A,-,11,21950,B,N,G,B,B,A,H,-,A,A,0,Y,,,,Y,,N,60,0,1,0,0,1,0,0,0,0,"- ","- ",34.073158264160156,-118.10833740234375,"LOS ANGELES",ALHAMBRA,-118.10833740234375,34.073158264160156
90850173,2018,2018-10-31,9535,2018-10-29,1615,020943,,1,2,9,1900,0,1,1,,2,420,"I-10 E/B TO EASTERN AVE.","EASTERN AVE.",10.00,W,N,B,-,Y,,,10,,,,R,,E,N,4,0,1,2,A,-,10,21950,A,N,G,B,B,A,H,-,A,A,0,Y,,,,Y,,A,01,0,0,1,0,1,0,0,0,0,"- ","- ",34.059429168701172,-118.17304229736328,"LOS ANGELES",UNINCORPORATED,-118.17304229736328,34.059429168701172
90855441,2018,2018-11-07,9525,2018-10-28,0200,022009,,7,3,5,1906,0,1,1,,2,104,"I-10 E/B (SAN BERNARDINO FWY)","BALDWIN PARK BLVD",528.00,W,N,A,-,Y,,,10,,,,,,E,N,4,0,1,2,A,-,08,22107,,F,G,B,E,A,H,-,C,D,0,Y,,,,Y,,A,01,0,0,1,0,1,0,0,0,0,"- ","- ",34.066940307617188,-117.98464965820312,"LOS ANGELES","BALDWIN PARK",-117.98467254638672,34.067085266113281
90856446,2018,2018-11-08,9580,2018-10-29,1130,021491,,1,1,7,1942,0,1,1,,2,407,"I-405 S/B TO NORDHOFF ST.","NORDHOFF ST",3.00,N,N,A,-,Y,,,405,,,,R,,S,N,3,0,1,2,A,-,17,21208,A,N,G,B,A,A,H,-,A,A,0,,Y,,,Y,,L,04,0,1,0,0,0,0,1,0,0,"- ","- ",34.235591888427734,-118.47357940673828,"LOS ANGELES","LOS ANGELES",-118.47357940673828,34.235591888427734
90859420,2018,2019-01-16,9530,2018-06-23,0205,021642,,6,3,7,1941,0,1,1,,2,071,"INTERSTATE 710 N/B (LONG BEACH FREEWAY)","DEL AMO BLVD.",847.00,N,N,B,-,Y,,,710,,,,,,N,Y,1,1,3,3,A,-,11,21954,A,N,G,B,E,B,H,-,D,D,0,Y,,,,Y,Y,N,60,1,2,0,1,1,0,0,0,0,"- ","- ",33.848838806152344,-118.20526885986328,"LOS ANGELES","LONG BEACH",-118.20523834228516,33.848838806152344