CASE_ID,ACCIDENT_YEAR,PROC_DATE,JURIS,COLLISION_DATE,COLLISION_TIME,OFFICER_ID,REPORTING_DISTRICT,DAY_OF_WEEK,CHP_SHIFT,POPULATION,CNTY_CITY_LOC,SPECIAL_COND,BEAT_TYPE,CHP_BEAT_TYPE,CITY_DIVISION_LAPD,CHP_BEAT_CLASS,BEAT_NUMBER,PRIMARY_RD,SECONDARY_RD,DISTANCE,DIRECTION,INTERSECTION,WEATHER_1,WEATHER_2,STATE_HWY_IND,CALTRANS_COUNTY,CALTRANS_DISTRICT,STATE_ROUTE,ROUTE_SUFFIX,POSTMILE_PREFIX,POSTMILE,LOCATION_TYPE,RAMP_INTERSECTION,SIDE_OF_HWY,TOW_AWAY,COLLISION_SEVERITY,NUMBER_KILLED,NUMBER_INJURED,PARTY_COUNT,PRIMARY_COLL_FACTOR,PCF_CODE_OF_VIOL,PCF_VIOL_CATEGORY,PCF_VIOLATION,PCF_VIOL_SUBSECTION,HIT_AND_RUN,TYPE_OF_COLLISION,MVIW,PED_ACTION,ROAD_SURFACE,ROAD_COND_1,ROAD_COND_2,LIGHTING,CONTROL_DEVICE,CHP_ROAD_TYPE,PEDESTRIAN_ACCIDENT,BICYCLE_ACCIDENT,MOTORCYCLE_ACCIDENT,TRUCK_ACCIDENT,NOT_PRIVATE_PROPERTY,ALCOHOL_INVOLVED,STWD_VEHTYPE_AT_FAULT,CHP_VEHTYPE_AT_FAULT,COUNT_SEVERE_INJ,COUNT_VISIBLE_INJ,COUNT_COMPLAINT_PAIN,COUNT_PED_KILLED,COUNT_PED_INJURED,COUNT_BICYCLIST_KILLED,COUNT_BICYCLIST_INJURED,COUNT_MC_KILLED,COUNT_MC_INJURED,PRIMARY_RAMP,SECONDARY_RAMP,LATITUDE,LONGITUDE,COUNTY,CITY,POINT_X,POINT_Y
90862935,2018,2018-11-19,9565,2018-11-14,1620,020370,,3,2,9,1900,0,3,5,,2,004,"I-405 S/B TO LA CIENEGA BLVD.","IMPERIAL HWY.",500.00,N,N,A,-,Y,,,405,,,,R,,S,N,3,0,1,2,A,-,10,21950,A,N,D,B,B,A,H,-,A,A,0,Y,,,,Y,,A,01,0,1,0,0,1,0,0,0,0,"- ","- ",33.932849884033203,-118.36985015869141,"LOS ANGELES",UNINCORPORATED,-118.36985015869141,33.932849884033203
90863598,2018,2018-11-20,9590,2018-11-09,1820,021622,,5,2,7,1942,0,1,1,,2,061,"I-10 W/B (SMF) TO WESTERN AVENUE","WESTERN AVENUE",900.00,E,N,A,-,Y,,,10,,,,R,,W,N,2,0,1,2,A,-,08,22107,,F,G,B,E,A,H,-,C,D,0,Y,,,,Y,,-,99,1,0,0,0,1,0,0,0,0,"- ","- ",34.037509918212891,-118.30592346191406,"LOS ANGELES","LOS ANGELES",-118.30592346191406,34.037509918212891
90864566,2018,2018-11-21,9530,2018-11-08,2223,021108,,4,3,6,1972,0,1,1,,2,400,"I-405 S/B (SAN DIEGO FREEWAY)","HAWTHORNE BLVD.",42.00,S,N,A,-,Y,,,,,,,,,,N,2,0,1,2,A,-,11,21954,A,N,G,B,E,A,H,-,C,D,0,Y,,,Y,Y,Y,N,60,1,0,0,0,1,0,0,0,0,"- ","- ",33.884521484375,-118.35266876220703,"LOS ANGELES",TORRANCE,-118.35261535644531,33.884571075439453
90864931,2018,2018-11-21,9550,2018-11-05,0125,021943,,1,3,3,1964,0,1,1,,2,651,"INTERSTATE 605 N/B","FLORENCE AVENUE",325.00,N,N,A,-,Y,,,605,,,,,,N,Y,2,0,2,4,A,-,03,22350,,N,A,C,E,A,H,-,C,D,0,Y,,,,Y,,A,08,2,0,0,0,1,0,0,0,0,"- ","- ",33.938999176025391,-118.09760284423828,"LOS ANGELES","SANTA FE SPRINGS",-118.09764862060547,33.93902587890625
90864937,2018,2018-11-21,9550,2018-11-05,0126,021943,,1,3,3,1964,0,1,1,,2,651,"INTERSTATE 605 N/B","FLORENCE AVENUE",345.00,N,N,A,-,Y,,,605,,,,,,N,Y,2,0,1,3,A,-,03,22350,,N,D,C,E,A,H,-,C,D,0,Y,,,,Y,,D,22,1,0,0,0,1,0,0,0,0,"- ","- ",33.939201354980469,-118.09750366210938,"LOS ANGELES","SANTA FE SPRINGS",-118.09754943847656,33.939224243164062
90866453,2018,2018-11-26,9530,2018-11-10,1122,021004,,6,1,6,1972,0,1,1,,2,400,"I-405 S/B FROM NORMANDIE AVENUE","NORMANDIE AVE.",8.00,N,N,A,-,Y,,,,,,,,,,N,4,0,1,2,A,-,09,21804,A,N,D,G,A,A,H,-,A,D,0,,Y,,,Y,,L,04,0,0,1,0,0,0,1,0,0,"- ","- ",33.859359741210938,-118.29910278320312,"LOS ANGELES",TORRANCE,-118.29924011230469,33.859729766845703
90867117,2018,2018-11-26,9565,2018-11-13,1833,018804,,2,2,7,1942,0,1,1,,2,060,"I-405 N/B TO LA TIJERA BLVD.","LA TIJERA BLVD.",290.00,S,N,A,-,Y,,,405,,,,R,,N,N,2,0,1,3,A,-,03,22350,,N,C,C,E,A,H,-,D,D,0,Y,,,,Y,,A,01,1,0,0,0,1,0,0,0,0,"- ","- ",33.971588134765625,-118.37677001953125,"LOS ANGELES","LOS ANGELES",-118.37677001953125,33.971588134765625
90867730,2018,2018-11-27,9575,2018-11-15,1145,021302,,4,1,7,1942,0,1,1,,2,053,"I-5 N/B (GOLDEN STATE FREEWAY)","OSBORNE ST",1.00,S,N,A,-,Y,,,,,,,,,,N,4,0,1,2,A,-,10,21950,A,N,A,B,B,A,H,-,A,A,0,Y,,,,Y,,J,48,0,0,1,0,1,0,0,0,0,"- ","- ",34.245380401611328,-118.42134094238281,"LOS ANGELES","LOS ANGELES",-118.42227935791016,34.244838714599609
90870388,2018,2018-11-29,9525,2018-11-19,0602,020544,,1,1,1,1934,0,1,1,,2,652,"I-605 N/B (SAN GABRIEL RIVER FWY)","LOWER AZUSA RD.",2112.00,S,N,A,-,Y,,,605,,,,,,N,N,2,0,1,2,A,-,03,22350,,F,G,B,D,A,H,-,C,D,0,Y,,,,Y,,-,99,1,0,0,0,1,0,0,0,0,"- ","- ",34.083400726318359,-117.99720001220703,"LOS ANGELES",IRWINDALE,-117.9970703125,34.083358764648438
90873293,2018,2018-12-03,9530,2018-11-19,0420,021273,,1,3,7,1942,0,1,1,,2,110,"I-110 S/B FROM ROSECRANS AVENUE","ROSECRANS AVE.",6.00,S,N,A,-,Y,,,110,,,,R,,S,N,3,0,1,2,A,-,09,21804,A,F,H,G,A,A,H,-,C,A,0,,Y,,,Y,,L,04,0,1,0,0,0,0,1,0,0,"- ","- ",33.901748657226562,-118.28717041015625,"LOS ANGELES","LOS ANGELES",-118.28717041015625,33.901748657226562
90873769,2018,2018-12-03,9590,2018-11-20,1655,021124,,2,2,7,1942,0,1,1,,2,061,"I-10 W/B (SMF) TO ARLINGTON AVE.","ARLINGTON AVENUE (2100 S. BLOCK)",14.00,E,N,A,-,Y,,,10,,,,R,,W,N,3,0,1,2,A,-,03,22350,,N,G,B,B,A,H,-,C,A,0,Y,,,,Y,,A,01,0,1,0,0,1,0,0,0,0,"- ","- ",34.0377197265625,-118.308837890625,"LOS ANGELES","LOS ANGELES",-118.308837890625,34.0377197265625
90873866,2018,2018-12-03,9590,2018-11-20,1735,022127,,2,2,7,1942,0,1,2,,2,070,"US-101 N/B (HOLLYWOOD FREEWAY)","GLENDALE BLVD.",1.00,S,N,A,-,Y,,,101,,,,,,N,N,2,0,1,2,A,-,11,21954,A,N,G,B,E,A,H,-,C,D,0,Y,,,,Y,,N,60,1,0,0,0,1,0,0,0,0,"- ","- ",34.069728851318359,-118.26114654541016,"LOS ANGELES","LOS ANGELES",-118.26113891601562,34.06976318359375
90875701,2018,2018-12-05,9575,2018-11-29,0025,020950,,4,3,9,1900,0,1,3,,2,090,"SR-2 W/B (GLENDALE FREEWAY)","COLORADO BLVD.",240.00,E,N,B,C,Y,,,,,,,,,,Y,2,0,1,4,A,-,03,22350,,N,B,C,E,B,H,-,C,D,0,Y,,,,Y,Y,A,01,1,0,0,0,1,0,0,0,0,"- ","- ",34.143581390380859,-118.22721862792969,"LOS ANGELES",UNINCORPORATED,-118.22737121582031,34.143409729003906
90877178,2018,2018-12-06,9575,2018-11-30,2053,020702,,5,2,7,1942,0,1,1,,2,053,"I-5 N/B TO SR-118 E/B","LAUREL CANYON BLVD.",250.00,W,N,A,-,Y,,,5,,,,R,,N,N,4,0,1,2,A,-,11,21954,A,N,B,B,E,A,H,-,C,D,0,Y,,,,Y,,N,60,0,0,1,0,1,0,0,0,0,"- ","- ",34.265510559082031,-118.44077301025391,"LOS ANGELES","LOS ANGELES",-118.44077301025391,34.265510559082031
90878154,2018,2018-12-07,9535,2018-04-22,0258,021119,,7,3,4,1907,0,1,1,,2,073,"INTERSTATE 710 SOUTHBOUND","SLAUSON AVENUE",97.00,S,N,A,-,Y,,,710,,,,,,S,Y,1,1,0,2,A,-,11,21954,A,N,G,B,E,A,H,-,D,D,0,Y,,,,Y,,N,60,0,0,0,1,0,0,0,0,0,"- ","- ",33.985698699951172,-118.16929626464844,"LOS ANGELES",BELL,-118.1693115234375,33.985694885253906
90880234,2018,2018-12-11,9565,2018-11-28,0025,021694,,3,3,5,1928,0,1,1,,2,012,"I-105 E/B","WILTON PL",336.00,W,N,A,-,Y,,,105,,,,,,E,Y,2,0,2,3,A,-,01,23152,A,N,C,C,E,A,H,-,D,D,0,Y,,,,Y,Y,A,07,2,0,0,0,1,0,0,0,0,"- ","- ",33.925289154052734,-118.31426239013672,"LOS ANGELES",HAWTHORNE,-118.31426239013672,33.925247192382812
90882158,2018,2018-12-13,9590,2018-12-03,0011,021906,,1,3,7,1942,0,1,1,,2,051,"I-110 S/B (HARBOR FREEWAY)","83RD STREET",400.00,N,N,A,-,Y,,,110,,,,,,S,N,4,0,1,3,A,-,03,22350,,N,C,C,E,A,H,-,C,D,0,Y,,,,Y,,A,07,0,0,1,0,1,0,0,0,0,"- ","- ",33.965358734130859,-118.28108978271484,"LOS ANGELES","LOS ANGELES",-118.28093719482422,33.965358734130859
90883081,2018,2018-12-14,9550,2018-11-24,0410,021986,,6,3,6,1920,0,1,1,,2,500,"I-5 S/B","FLORENCE AVENUE",120.00,N,N,A,-,Y,,,5,,,,,,S,N,2,0,1,2,A,-,11,21950,B,F,G,B,E,A,H,-,C,D,0,Y,,,,Y,,N,60,1,0,0,0,1,0,0,0,0,"- ","- ",33.936748504638672,-118.09385681152344,"LOS ANGELES",DOWNEY,-118.09381103515625,33.936782836914062
90883085,2018,2018-12-14,9550,2018-11-24,0411,021986,,6,3,6,1920,0,1,1,,2,500,"I-5 S/B","FLORENCE AVENUE",125.00,N,N,A,-,Y,,,5,,,,,,S,N,2,0,1,2,A,-,03,22350,,N,E,B,E,A,H,-,D,D,0,Y,,,Y,Y,,G,25,1,0,0,0,1,0,0,0,0,"- ","- ",33.936748504638672,-118.09385681152344,"LOS ANGELES",DOWNEY,-118.09381103515625,33.936782836914062
90883262,2018,2018-12-14,9580,2018-12-05,0345,018718,,3,3,7,1942,0,1,2,,2,100,"US-101 N/B (VENTURA FREEWAY)","TUJUNGA AVE.",745.00,N,N,B,C,Y,,,101,,,,,,N,N,2,0,1,1,A,-,17,21200,,N,F,A,A,B,H,-,D,D,0,,Y,,,Y,Y,L,04,1,0,0,0,0,0,1,0,0,"- ","- ",34.154731750488281,-118.38033294677734,"LOS ANGELES","LOS ANGELES",-118.38032531738281,34.154590606689453
90886924,2018,2018-12-20,9580,2018-12-17,2328,020791,,1,3,7,1942,0,1,1,,2,407,"I-405 S/B TO ROSCOE BLVD.","ROSCOE BLVD",5.00,N,N,B,-,Y,,,405,,,,R,,S,N,3,0,1,2,A,-,11,21453,D,N,G,B,B,A,H,-,C,A,0,Y,,,Y,Y,,N,60,0,1,0,0,1,0,0,0,0,"- ","- ",34.221519470214844,-118.47377777099609,"LOS ANGELES","LOS ANGELES",-118.47377777099609,34.221519470214844
90887939,2018,2018-12-21,9535,2018-12-13,1541,022142,,4,2,5,1901,0,1,1,,2,421,"I-10 W/B FROM NEW AVENUE S/B","NEW AVE",32.00,W,N,A,-,Y,,,10,,,,R,,W,N,3,0,1,2,A,-,10,21950,A,N,G,B,C,A,H,-,A,D,0,Y,,,,Y,,A,08,0,1,0,0,1,0,0,0,0,"- ","- ",34.073440551757812,-118.10842895507812,"LOS ANGELES",ALHAMBRA,-118.10842895507812,34.073440551757812
90890512,2018,2018-12-26,9530,2018-12-15,1907,022030,,6,2,9,1900,0,3,5,,2,001,"COMPTON AVENUE 7023 BLOCK","70TH ST.",44.80,S,N,A,-,Y,,,,,,,,,,N,2,0,1,2,A,-,11,21950,B,N,G,B,E,A,H,-,E,D,0,Y,,,,Y,,N,60,1,0,0,0,1,0,0,0,0,"- ","- ",33.976200103759766,-118.24759674072266,"LOS ANGELES",UNINCORPORATED,-118.24768829345703,33.976577758789062
90893600,2018,2018-12-28,9580,2018-03-09,0608,021554,,5,1,7,1942,0,1,2,,2,101,"US-101 S/B (VENTURA FREEWAY)","RADFORD AVENUE",92.00,S,N,A,-,Y,,,101,,,,,,S,Y,1,1,0,2,A,-,11,21954,A,N,G,B,E,A,H,-,B,D,0,Y,,,,Y,Y,N,60,0,0,0,1,0,0,0,0,0,"- ","- ",34.154411315917969,-118.39166259765625,"LOS ANGELES","LOS ANGELES",-118.39166259765625,34.154354095458984
90895551,2018,2019-01-02,9565,2018-12-19,0535,020209,,3,3,9,1900,0,2,4,,2,021,"I-105 W/B FROM VERMONT AVE","VERMONT AVE",10.00,W,N,A,-,Y,,,105,,,,R,,W,N,4,0,1,3,A,-,10,21950,A,F,G,B,B,A,H,-,A,D,0,Y,,,,Y,,A,01,0,0,1,0,1,0,0,0,0,"- ","- ",33.929298400878906,-118.29208374023438,"LOS ANGELES",UNINCORPORATED,-118.29208374023438,33.929298400878906
90896230,2018,2019-01-02,9565,2018-12-20,1900,021473,,4,2,4,1918,0,1,1,,2,061,"I-405 N/B TO SR-90 WB","JEFFERSON BLVD",100.00,S,N,A,-,Y,,,405,,,,R,,N,N,3,0,1,2,A,-,17,21461,,N,G,B,E,A,H,-,C,D,0,Y,,,,Y,Y,N,60,0,1,0,0,1,0,0,0,0,"- ","- ",33.987819671630859,-118.39791107177734,"LOS ANGELES","CULVER CITY",-118.39791107177734,33.987819671630859
90896712,2018,2019-01-03,9530,2018-12-23,0330,021191,,7,3,9,1900,0,1,3,,2,310,"SR-91 E/B (ARTESIA FREEWAY)","MAIN ST.",200.00,W,N,E,-,Y,,,,,,,,,,N,2,0,1,2,A,-,08,22107,,F,B,B,E,B,H,-,D,D,0,Y,,,,Y,,-,99,1,0,0,0,1,0,0,0,0,"- ","- ",33.872531890869141,-118.27683258056641,"LOS ANGELES",UNINCORPORATED,-118.27614593505859,33.872592926025391
90898714,2018,2019-01-11,9575,2018-12-27,1610,016603,,4,2,7,1942,0,1,1,,2,052,"I-5 N/B (GOLDEN STATE FREEWAY)","SHELDON STREET",364.00,S,N,A,-,Y,,,5,,,,,,N,Y,2,0,3,3,A,-,11,21954,A,N,G,B,E,A,H,-,A,D,0,Y,,,,Y,,N,60,1,0,2,0,1,0,0,0,0,"- ","- ",34.231319427490234,-118.40184020996094,"LOS ANGELES","LOS ANGELES",-118.40184020996094,34.231338500976562
90904997,2018,2019-01-15,9530,2018-11-30,0510,021004,,5,3,7,1941,0,1,1,,2,071,"I-710 S/B TO SR-91 E/B","ARTESIA BLVD.",629.00,N,N,B,-,Y,,,710,,,,R,,S,Y,2,0,1,5,A,-,03,22350,,F,C,C,E,B,H,-,C,D,0,Y,,,,Y,,D,22,1,0,0,0,1,0,0,0,0,"- ","- ",33.876171112060547,-118.19277191162109,"LOS ANGELES","LONG BEACH",-118.19277191162109,33.876171112060547
90913452,2018,2019-01-28,9530,2018-12-07,0434,021108,,5,3,7,1941,0,1,3,,2,320,"SR-91 W/B TO I-710 N/B","I-710 N/B (LONG BEACH FREEWAY)",500.00,E,N,A,-,Y,,,91,,,,R,,W,N,2,0,1,2,A,-,08,22107,,F,G,B,E,A,H,-,C,D,0,Y,,,,Y,,-,99,1,0,0,0,1,0,0,0,0,"- ","- ",33.877521514892578,-118.19074249267578,"LOS ANGELES","LONG BEACH",-118.19074249267578,33.877521514892578
90924297,2018,2019-07-01,9565,2018-11-07,1725,022099,,3,2,9,1900,0,2,4,,2,022,"NORMANDIE AVENUE","INTERSTATE 105 FREEWAY",71.00,S,N,A,-,Y,,,,,,,,,,N,1,1,0,2,A,-,11,21954,A,N,G,B,D,A,H,-,C,D,0,Y,,,,Y,,N,60,0,0,0,1,0,0,0,0,0,"- ","- ",33.9268798828125,-118.30040740966797,"LOS ANGELES",UNINCORPORATED,-118.30033874511719,33.927436828613281
90927275,2018,2019-02-15,9575,2018-10-02,0619,020887,,2,1,7,1942,0,1,1,,2,052,"I-5 N/B (GOLDEN STATE FREEWAY)","TUXFORD OFF-RAMP O/C",355.00,N,N,B,-,Y,,,5,,,,,,N,N,1,1,0,2,A,-,11,21954,A,F,G,B,E,A,H,-,D,A,0,Y,,,,Y,,N,60,0,0,0,1,0,0,0,0,0,"- ","- ",34.226581573486328,-118.385986328125,"LOS ANGELES","LOS ANGELES",-118.38599395751953,34.226543426513672
90929150,2018,2019-02-19,9590,2018-08-23,0235,21016,,4,3,7,1942,0,1,1,,2,051,"INTERSTATE 110 SOUTHBOUND","79TH STREET",612.00,S,N,A,-,Y,,,110,,,,,,S,Y,1,1,0,3,A,-,11,21954,A,N,G,B,E,A,H,-,C,D,0,Y,,,,Y,,N,60,0,0,0,1,0,0,0,0,0,"- ","- ",33.966800689697266,-118.28089904785156,"LOS ANGELES","LOS ANGELES",-118.28093719482422,33.966800689697266
90929161,2018,2019-02-21,9530,2018-09-04,2355,020726,,2,3,5,1977,0,1,3,,2,310,"SR-91 E/B (ARTESIA FREEWAY)","CENTRAL AVE.",527.00,W,N,A,-,Y,,,91,,,,,,E,N,1,1,1,3,A,-,08,22107,,F,B,B,E,A,H,-,D,D,0,Y,,,Y,Y,,A,01,0,1,0,1,0,0,0,0,0,"- ","- ",33.873321533203125,-118.24974060058594,"LOS ANGELES",CARSON,-118.24973297119141,33.873371124267578
90937448,2018,2019-03-01,9580,2018-05-25,0454,018718,,5,3,9,1900,0,1,3,,1,120,"SR-1 S/B (PACIFIC COAST HWY.)","SR-27 (TOPANGA CANYON BLVD)",2280.00,S,N,B,-,Y,,,1,,,,,,S,Y,1,1,0,2,A,-,11,21954,A,N,G,B,E,A,H,-,C,D,0,Y,,,,Y,Y,N,60,0,0,0,1,0,0,0,0,0,"- ","- ",34.041751861572266,-118.57222747802734,"LOS ANGELES",UNINCORPORATED,-118.57222747802734,34.041740417480469
90938085,2018,2019-03-01,9550,2018-12-14,2005,020340,,5,2,6,1949,0,1,1,,2,501,"INTERSTATE 5 S/B FROM NORWALK BOULEVARD","NORWALK BOULEVARD",700.00,S,N,A,-,Y,,,5,,,,R,,S,N,1,1,0,2,A,-,11,21954,A,N,G,B,E,A,H,-,D,B,0,Y,,,,Y,,N,60,0,0,0,1,0,0,0,0,0,"- ","- ",33.910701751708984,-118.07170104980469,"LOS ANGELES",NORWALK,-118.07170104980469,33.910701751708984
90944222,2018,2019-04-09,9550,2018-12-10,2130,020974,,1,2,5,1908,0,1,3,,2,091,"STATE ROUTE 91 EASTBOUND","LAKEWOOD BOULEVARD UNDER-CROSSING",1160.00,W,N,B,-,Y,,,91,,,,,,E,N,1,1,0,2,A,-,11,21954,A,N,G,B,E,A,H,-,C,D,0,Y,,,,Y,,N,60,0,0,0,1,0,0,0,0,0,"- ","- ",33.877071380615234,-118.14656829833984,"LOS ANGELES",BELLFLOWER,-118.14656829833984,33.876998901367188
90953336,2018,2019-03-26,9590,2018-11-20,0225,021883,,2,3,7,1942,0,1,2,,2,070,"US-101 NORTHBOUND (HOLLYWOOD FREEWAY)","SOUTH ROAD EDGE OF GLENDALE BOULEVARD",35.00,N,N,A,-,Y,,,101,,,,,,N,N,1,1,0,2,A,-,11,21954,A,N,G,B,E,A,H,-,C,D,0,Y,,,,Y,,N,60,0,0,0,1,0,0,0,0,0,"- ","- ",34.069778442382812,-118.26126098632812,"LOS ANGELES","LOS ANGELES",-118.26125335693359,34.069805145263672
90963095,2018,2019-04-08,9590,2018-10-14,0301,021848,,7,3,7,1942,0,1,1,,2,050,"I-110 NORTHBOUND (HARBOR FREEWAY)","MANCHESTER AVENUE",1460.00,S,N,B,-,Y,,,110,,,,,,N,Y,1,1,0,2,C,-,18,,,F,G,B,E,A,G,-,C,D,0,Y,,,,Y,,-,"- ",0,0,0,1,0,0,0,0,0,"- ","- ",33.955448150634766,-118.28054809570312,"LOS ANGELES","LOS ANGELES",-118.28070831298828,33.955448150634766
90963400,2018,2019-12-27,9535,2018-08-05,0330,017308,,7,3,9,1900,0,1,3,,2,066,"SR-164(ROSEMEAD BOULEVARD-1900 BLOCK)NB","RUSH STREET",1120.00,S,N,A,-,Y,,,164,,,,,,,N,1,1,0,2,A,-,11,21954,A,F,G,B,E,A,H,-,D,D,0,Y,,,,Y,,N,60,0,0,0,1,0,0,0,0,0,"- ","- ",34.048629760742188,-118.06417846679688,"LOS ANGELES",UNINCORPORATED,-118.06422424316406,34.048686981201172
90971767,2018,2019-07-01,9525,2018-12-07,0150,021224,,5,3,9,1900,0,1,1,,2,105,"INTERSTATE 10 WESTBOUND","HOLT AVENUE",2110.00,E,N,B,C,Y,,,10,,,,,,W,Y,1,1,1,4,A,-,03,22350,,F,C,C,E,B,D,E,D,D,0,Y,,,,Y,,-,99,0,1,0,1,0,0,0,0,0,"- ","- ",34.068138122558594,-117.85678100585938,"LOS ANGELES",UNINCORPORATED,-117.85678100585938,34.068164825439453
90975245,2018,2019-04-25,9580,2018-10-02,1014,017228,,2,1,7,1942,0,1,3,,2,171,"SR-170 S/B (HOLLYWOOD FWY.)","WHITSETT AVENUE",729.00,N,N,A,-,Y,,,170,,,,,,S,Y,1,1,0,2,A,-,11,21954,A,N,G,B,E,A,H,-,A,D,0,Y,,,,Y,Y,N,60,0,0,0,1,0,0,0,0,0,"- ","- ",34.208141326904297,-118.4066162109375,"LOS ANGELES","LOS ANGELES",-118.40660858154297,34.208141326904297
90982861,2018,2019-05-06,9525,2018-08-09,0155,021342,,4,3,6,1975,0,1,1,,2,106,"I-10 E/B (SAN BERNARDINO FREEWAY)","BARRANCA STREET",1492.00,E,N,A,-,Y,,,10,,,,,,E,Y,1,1,1,4,C,-,18,,,N,D,C,E,A,D,E,D,D,0,Y,,,,Y,,-,"- ",1,0,0,1,1,0,0,0,0,"- ","- ",34.071750640869141,-117.87615966796875,"LOS ANGELES","WEST COVINA",-117.87615966796875,34.071746826171875
90982994,2018,2019-05-30,9525,2018-11-06,0425,019854,,2,3,6,1955,0,1,1,,2,108,"I-10 EASTBOUND (SAN BERNARDINO FREEWAY)","FAIRPLEX DRIVE",8.00,E,N,A,-,Y,,,10,,,,,,E,Y,1,1,2,3,A,-,03,22350,,N,D,C,E,A,H,-,D,D,0,Y,,,,Y,,A,01,2,0,0,1,0,0,0,0,0,"- ","- ",34.072898864746094,-117.78713226318359,"LOS ANGELES",POMONA,-117.78711700439453,34.072757720947266
90989306,2018,2019-05-15,9525,2018-11-23,2130,021980,,5,2,5,1990,0,1,3,,2,602,"SR-60 EASTBOUND (POMONA FREEWAY)","BREA CANYON ROAD",193.00,E,N,A,-,Y,,,60,,,,,,E,N,1,1,0,3,A,-,11,21954,A,N,G,B,E,A,H,-,C,D,0,Y,,,,Y,,N,60,0,0,0,1,0,0,0,0,0,"- ","- ",34.000568389892578,-117.84423828125,"LOS ANGELES","DIAMOND BAR",-117.84425354003906,34.000644683837891
90995035,2018,2019-05-23,9550,2018-06-12,0433,010000,,2,3,5,1954,0,1,1,,2,650,"I-605 (SAN GABRIEL RIVER FWY) S/B","PECK ROAD OVERCROSSING",1500.00,S,N,A,-,Y,,,605,,,,,,S,Y,1,1,0,3,A,-,08,22107,,N,C,E,E,A,H,-,C,D,0,Y,,,Y,Y,,G,25,0,0,0,1,0,0,0,0,0,"- ","- ",34.024368286132812,-118.04287719726562,"LOS ANGELES","PICO RIVERA",-118.04281616210938,34.024269104003906
91054548,2018,2019-08-19,9525,2018-10-25,0023,021393,,4,3,5,1990,0,1,3,,2,602,"STATE ROUTE 60 E/B (POMONA FREEWAY)","GRAND AVENUE",3524.00,W,N,A,-,Y,,,60,,,,,,E,Y,1,1,0,2,A,-,11,21954,A,F,G,B,E,A,H,-,C,D,0,Y,,,,Y,,N,60,0,0,0,1,0,0,0,0,0,"- ","- ",34.002891540527344,-117.83165740966797,"LOS ANGELES","DIAMOND BAR",-117.83171081542969,34.002979278564453
91075826,2018,2019-09-16,9535,2018-01-31,0436,020825,,3,3,9,1900,0,1,1,,2,500,"INTERSTATE 5 NORTHBOUND (SANTA ANA FWY)","DITMAN AVENUE",15.00,S,N,A,-,Y,,,5,,,,,,N,N,1,1,0,4,A,-,11,21954,A,N,G,B,E,A,H,-,C,D,0,Y,,,,Y,,N,60,0,0,0,1,0,0,0,0,0,"- ","- ",34.020191192626953,-118.18920135498047,"LOS ANGELES",UNINCORPORATED,-118.18920135498047,34.020233154296875